category,total_revenue,avg_order_value,num_orders
Clothing,48837.355,514.0774210526316,95
Electronics,25669.085,611.1686904761905,42
Home,21192.755,572.7771621621622,37
