region,num_customers,num_orders,total_revenue,avg_revenue_per_customer
East,19,64,35396.845,1862.9918421052632
North,18,60,30284.935,1682.496388888889
South,18,52,28454.795,1580.8219444444444
Unknown,18,51,27253.76,1514.0977777777778
West,19,62,35842.71,1886.4584210526316
